product,price,discounts
Gafas De Sol Hawkers Bel Air Hombre Y Mujer Elige Tu Color,,54% OFF
Nintendo Switch OLED 64GB Standard color  blanco y negro,,3% OFF
Taladro + Juego Herramentas Inalámbricas Matrix 20v 6 En 1 M,,41% OFF
Audífonos gamer inalámbricos Logitech G Series G733 kda con luz  rgb LED,,No tiene descuento
Kit Coctelería Bar Profesional 20 Piezas Cocktail Cocteles,,No tiene descuento
Bicicleta Gw Hyena 29 Shimano Revoshift Aluminio Susp 21vel,,50% OFF
Asador Barril Marte Manijas Madera Teca Volcano Acero Inox,,No tiene descuento
Kit Billetera Y Llavero De Cuero Vintage Vélez,,No tiene descuento
Reloj Casio W_218h_2av Azul Hombre 100% Original,,32% OFF
Bicicleta Estatica  Spinning Gimnasio ,,No tiene descuento
Sandalia Playera De Cuero Para Hombre Contraste Color Vélez,,No tiene descuento
Taladro Percuto De 1/2` 650w Dewalt Dwd024-b3 Imp,,No tiene descuento
Juego De Herramienta 73pz Copas Lllaves Carro Moto Pretul,,14% OFF
"Laptop Dell Inspiron 3501 plata 15.55"", Intel Core i3 1115G4  8GB de RAM 256GB SSD, Intel UHD Graphics Xe G4 48EUs 60 Hz 1366x768px Windows 10 Home",,18% OFF
Scooter Patineta Eléctrica E9 Pro 350 Watts / Freno De Disco,,51% OFF
Set Fundas Sparco Asiento Forro Protector Silla 11 Piezas,,21% OFF
Camara Deportiva Gopro Hero 8 Black,,No tiene descuento
Audífonos Sony Bluetooth Noise Cancelling | Wh-1000xm5,,20% OFF
Tapete Para Silla Gamer 90x90 Antideslizante Y Lavable,,No tiene descuento
Yoga Tab 11 Lenovo Yt-j706f 8gb 256gb 11 Gris,,25% OFF
Casco Bicicleta Nutcase Vanastic Notion,,9% OFF
Billetera De Cuero Contrastes Negro Vélez,,No tiene descuento
Sandalias Nautica Para Hombre Alto Jn5141,,20% OFF
Mouse de juego Logitech  G Series Lightsync G203 negro,,34% OFF
"Radio para carro JDL JDL-5303 con USB, bluetooth y lector de tarjeta SD",,13% OFF
Bicicicleta Roadmaster Hurricane 29  Shimano Revoshift 21vel,,57% OFF
Tenis Vuelos De Cuero Para Hombre Combinación De Texturas Vé,,No tiene descuento
Gafas De Sol Hawkers One Hombre Y Mujer Elige Tu Color,,55% OFF
"Volante Carreras Logitech G923 Trueforce, Pc / Xbox X|s One",,No tiene descuento
Bota Hombre Outdoor Tellenzi 1570 Calzado Nacional Caballero,,46% OFF
Sierra Circular 7.1/4 5800rpm Dewalt Dwe560,,29% OFF
Kit De Pesas Ejercicio Mancuernas Juego De Pesas Termoforrad,,49% OFF
Silla Gamer Deportiva Ergonómica Con Sistema De Inclinación,,No tiene descuento
Botas Merrell Hombre Negro Vego Thermo Mid Ltr J589943-n11,,20% OFF
"Astro A50, Diadema Gamer Inalámbrica + Estación Base Pc Xbox",,8% OFF
"Logitech G305 Hero Edición K/da Lol, Mouse Gamer Inalámbrico",,No tiene descuento
Banda Caminadora Eléctrica Trotadora Plegable Hp,,37% OFF
Gafas De Sol Hawkers Warwick Hombre Y Mujer Elige Tu Color,,55% OFF
Sandalias Nautica Para Hombre Dolan Km1091,,20% OFF
Bota Hombre Outdoor 7220 Tellenzi Calzado Nacional,,46% OFF
Kit Taladro Percutor 1/2 Vvr + 88 Accesorios Black + Decker,,21% OFF
Sierra Caladora Black & Decker Ks501-b3,,No tiene descuento
Bicicleta De Ruta Roadmaster Fire Shimano 18 Vel Fren Disco ,,49% OFF
Escritorio Gamer Tipo T Altura Ajustable 63 Pulgadas,,No tiene descuento
"Cafetera Prensa Francesa Acero Inoxidable - 8 Tazas, 1 Litro",,No tiene descuento
Napoleon Bip500rbnss-3 Asador A Gas Natural Empotrable Acero,,No tiene descuento
 Caminadora Trotadora Plegable Residencial  Banda Electrica ,,3% OFF
Cinturón Unifaz Duna De Cuero Para Hombre Liso Vélez,,No tiene descuento
product,price,discounts
Gafas De Sol Hawkers Bel Air Hombre Y Mujer Elige Tu Color,,54% OFF
Nintendo Switch OLED 64GB Standard color  blanco y negro,,3% OFF
Taladro + Juego Herramentas Inalámbricas Matrix 20v 6 En 1 M,,41% OFF
Audífonos gamer inalámbricos Logitech G Series G733 kda con luz  rgb LED,,No tiene descuento
Kit Coctelería Bar Profesional 20 Piezas Cocktail Cocteles,,No tiene descuento
Bicicleta Gw Hyena 29 Shimano Revoshift Aluminio Susp 21vel,,50% OFF
Asador Barril Marte Manijas Madera Teca Volcano Acero Inox,,No tiene descuento
Kit Billetera Y Llavero De Cuero Vintage Vélez,,No tiene descuento
Reloj Casio W_218h_2av Azul Hombre 100% Original,,32% OFF
Bicicleta Estatica  Spinning Gimnasio ,,No tiene descuento
Sandalia Playera De Cuero Para Hombre Contraste Color Vélez,,No tiene descuento
Taladro Percuto De 1/2` 650w Dewalt Dwd024-b3 Imp,,No tiene descuento
Juego De Herramienta 73pz Copas Lllaves Carro Moto Pretul,,14% OFF
"Laptop Dell Inspiron 3501 plata 15.55"", Intel Core i3 1115G4  8GB de RAM 256GB SSD, Intel UHD Graphics Xe G4 48EUs 60 Hz 1366x768px Windows 10 Home",,18% OFF
Scooter Patineta Eléctrica E9 Pro 350 Watts / Freno De Disco,,51% OFF
Set Fundas Sparco Asiento Forro Protector Silla 11 Piezas,,21% OFF
Camara Deportiva Gopro Hero 8 Black,,No tiene descuento
Audífonos Sony Bluetooth Noise Cancelling | Wh-1000xm5,,20% OFF
Tapete Para Silla Gamer 90x90 Antideslizante Y Lavable,,No tiene descuento
Yoga Tab 11 Lenovo Yt-j706f 8gb 256gb 11 Gris,,25% OFF
Casco Bicicleta Nutcase Vanastic Notion,,9% OFF
Billetera De Cuero Contrastes Negro Vélez,,No tiene descuento
Sandalias Nautica Para Hombre Alto Jn5141,,20% OFF
Mouse de juego Logitech  G Series Lightsync G203 negro,,34% OFF
"Radio para carro JDL JDL-5303 con USB, bluetooth y lector de tarjeta SD",,13% OFF
Bicicicleta Roadmaster Hurricane 29  Shimano Revoshift 21vel,,57% OFF
Tenis Vuelos De Cuero Para Hombre Combinación De Texturas Vé,,No tiene descuento
Gafas De Sol Hawkers One Hombre Y Mujer Elige Tu Color,,55% OFF
"Volante Carreras Logitech G923 Trueforce, Pc / Xbox X|s One",,No tiene descuento
Bota Hombre Outdoor Tellenzi 1570 Calzado Nacional Caballero,,46% OFF
Sierra Circular 7.1/4 5800rpm Dewalt Dwe560,,29% OFF
Kit De Pesas Ejercicio Mancuernas Juego De Pesas Termoforrad,,49% OFF
Silla Gamer Deportiva Ergonómica Con Sistema De Inclinación,,No tiene descuento
Botas Merrell Hombre Negro Vego Thermo Mid Ltr J589943-n11,,20% OFF
"Astro A50, Diadema Gamer Inalámbrica + Estación Base Pc Xbox",,8% OFF
"Logitech G305 Hero Edición K/da Lol, Mouse Gamer Inalámbrico",,No tiene descuento
Banda Caminadora Eléctrica Trotadora Plegable Hp,,37% OFF
Gafas De Sol Hawkers Warwick Hombre Y Mujer Elige Tu Color,,55% OFF
Sandalias Nautica Para Hombre Dolan Km1091,,20% OFF
Bota Hombre Outdoor 7220 Tellenzi Calzado Nacional,,46% OFF
Kit Taladro Percutor 1/2 Vvr + 88 Accesorios Black + Decker,,21% OFF
Sierra Caladora Black & Decker Ks501-b3,,No tiene descuento
Bicicleta De Ruta Roadmaster Fire Shimano 18 Vel Fren Disco ,,49% OFF
Escritorio Gamer Tipo T Altura Ajustable 63 Pulgadas,,No tiene descuento
"Cafetera Prensa Francesa Acero Inoxidable - 8 Tazas, 1 Litro",,No tiene descuento
Napoleon Bip500rbnss-3 Asador A Gas Natural Empotrable Acero,,No tiene descuento
 Caminadora Trotadora Plegable Residencial  Banda Electrica ,,3% OFF
Cinturón Unifaz Duna De Cuero Para Hombre Liso Vélez,,No tiene descuento
product,price,discounts
Gafas De Sol Hawkers Bel Air Hombre Y Mujer Elige Tu Color,,54% OFF
Nintendo Switch OLED 64GB Standard color  blanco y negro,,3% OFF
Taladro + Juego Herramentas Inalámbricas Matrix 20v 6 En 1 M,,41% OFF
Audífonos gamer inalámbricos Logitech G Series G733 kda con luz  rgb LED,,No tiene descuento
Kit Coctelería Bar Profesional 20 Piezas Cocktail Cocteles,,No tiene descuento
Bicicleta Gw Hyena 29 Shimano Revoshift Aluminio Susp 21vel,,50% OFF
Asador Barril Marte Manijas Madera Teca Volcano Acero Inox,,No tiene descuento
Kit Billetera Y Llavero De Cuero Vintage Vélez,,No tiene descuento
Reloj Casio W_218h_2av Azul Hombre 100% Original,,32% OFF
Bicicleta Estatica  Spinning Gimnasio ,,No tiene descuento
Sandalia Playera De Cuero Para Hombre Contraste Color Vélez,,No tiene descuento
Taladro Percuto De 1/2` 650w Dewalt Dwd024-b3 Imp,,No tiene descuento
Juego De Herramienta 73pz Copas Lllaves Carro Moto Pretul,,14% OFF
"Laptop Dell Inspiron 3501 plata 15.55"", Intel Core i3 1115G4  8GB de RAM 256GB SSD, Intel UHD Graphics Xe G4 48EUs 60 Hz 1366x768px Windows 10 Home",,18% OFF
Scooter Patineta Eléctrica E9 Pro 350 Watts / Freno De Disco,,51% OFF
Set Fundas Sparco Asiento Forro Protector Silla 11 Piezas,,21% OFF
Camara Deportiva Gopro Hero 8 Black,,No tiene descuento
Audífonos Sony Bluetooth Noise Cancelling | Wh-1000xm5,,20% OFF
Tapete Para Silla Gamer 90x90 Antideslizante Y Lavable,,No tiene descuento
Yoga Tab 11 Lenovo Yt-j706f 8gb 256gb 11 Gris,,25% OFF
Casco Bicicleta Nutcase Vanastic Notion,,9% OFF
Billetera De Cuero Contrastes Negro Vélez,,No tiene descuento
Sandalias Nautica Para Hombre Alto Jn5141,,20% OFF
Mouse de juego Logitech  G Series Lightsync G203 negro,,34% OFF
"Radio para carro JDL JDL-5303 con USB, bluetooth y lector de tarjeta SD",,13% OFF
Bicicicleta Roadmaster Hurricane 29  Shimano Revoshift 21vel,,57% OFF
Tenis Vuelos De Cuero Para Hombre Combinación De Texturas Vé,,No tiene descuento
Gafas De Sol Hawkers One Hombre Y Mujer Elige Tu Color,,55% OFF
"Volante Carreras Logitech G923 Trueforce, Pc / Xbox X|s One",,No tiene descuento
Bota Hombre Outdoor Tellenzi 1570 Calzado Nacional Caballero,,46% OFF
Sierra Circular 7.1/4 5800rpm Dewalt Dwe560,,29% OFF
Kit De Pesas Ejercicio Mancuernas Juego De Pesas Termoforrad,,49% OFF
Silla Gamer Deportiva Ergonómica Con Sistema De Inclinación,,No tiene descuento
Botas Merrell Hombre Negro Vego Thermo Mid Ltr J589943-n11,,20% OFF
"Astro A50, Diadema Gamer Inalámbrica + Estación Base Pc Xbox",,8% OFF
"Logitech G305 Hero Edición K/da Lol, Mouse Gamer Inalámbrico",,No tiene descuento
Banda Caminadora Eléctrica Trotadora Plegable Hp,,37% OFF
Gafas De Sol Hawkers Warwick Hombre Y Mujer Elige Tu Color,,55% OFF
Sandalias Nautica Para Hombre Dolan Km1091,,20% OFF
Bota Hombre Outdoor 7220 Tellenzi Calzado Nacional,,46% OFF
Kit Taladro Percutor 1/2 Vvr + 88 Accesorios Black + Decker,,21% OFF
Sierra Caladora Black & Decker Ks501-b3,,No tiene descuento
Bicicleta De Ruta Roadmaster Fire Shimano 18 Vel Fren Disco ,,49% OFF
Escritorio Gamer Tipo T Altura Ajustable 63 Pulgadas,,No tiene descuento
"Cafetera Prensa Francesa Acero Inoxidable - 8 Tazas, 1 Litro",,No tiene descuento
Napoleon Bip500rbnss-3 Asador A Gas Natural Empotrable Acero,,No tiene descuento
 Caminadora Trotadora Plegable Residencial  Banda Electrica ,,3% OFF
Cinturón Unifaz Duna De Cuero Para Hombre Liso Vélez,,No tiene descuento
product,price,discounts
Gafas De Sol Hawkers Bel Air Hombre Y Mujer Elige Tu Color,"71300 pesos,5942 pesos",54% OFF
Nintendo Switch OLED 64GB Standard color  blanco y negro,"1749900 pesos,48608 pesos",3% OFF
Taladro + Juego Herramentas Inalámbricas Matrix 20v 6 En 1 M,"699900 pesos,19442 pesos",41% OFF
Audífonos gamer inalámbricos Logitech G Series G733 kda con luz  rgb LED,"619900 pesos,17219 pesos",No tiene descuento
Kit Coctelería Bar Profesional 20 Piezas Cocktail Cocteles,"149000 pesos,4139 pesos",No tiene descuento
Bicicleta Gw Hyena 29 Shimano Revoshift Aluminio Susp 21vel,"799900 pesos,22219 pesos",50% OFF
Asador Barril Marte Manijas Madera Teca Volcano Acero Inox,"780000 pesos,65000 pesos",No tiene descuento
Kit Billetera Y Llavero De Cuero Vintage Vélez,"169900 pesos,14158 pesos",No tiene descuento
Reloj Casio W_218h_2av Azul Hombre 100% Original,"113900 pesos,3164 pesos",32% OFF
Bicicleta Estatica  Spinning Gimnasio ,"619900 pesos,17219 pesos",No tiene descuento
Sandalia Playera De Cuero Para Hombre Contraste Color Vélez,"109900 pesos,9158 pesos",No tiene descuento
Taladro Percuto De 1/2` 650w Dewalt Dwd024-b3 Imp,"402406 pesos,11178 pesos",No tiene descuento
Juego De Herramienta 73pz Copas Lllaves Carro Moto Pretul,"136990 pesos,3805 pesos",14% OFF
"Laptop Dell Inspiron 3501 plata 15.55"", Intel Core i3 1115G4  8GB de RAM 256GB SSD, Intel UHD Graphics Xe G4 48EUs 60 Hz 1366x768px Windows 10 Home","1539900 pesos,42775 pesos",18% OFF
Scooter Patineta Eléctrica E9 Pro 350 Watts / Freno De Disco,"1449900 pesos,40275 pesos",51% OFF
Set Fundas Sparco Asiento Forro Protector Silla 11 Piezas,"170905 pesos,14242 pesos",21% OFF
Camara Deportiva Gopro Hero 8 Black,"1399000 pesos,38861 pesos",No tiene descuento
Audífonos Sony Bluetooth Noise Cancelling | Wh-1000xm5,"1799900 pesos,149992 pesos",20% OFF
Tapete Para Silla Gamer 90x90 Antideslizante Y Lavable,"149900 pesos,12492 pesos",No tiene descuento
Yoga Tab 11 Lenovo Yt-j706f 8gb 256gb 11 Gris,"1499900 pesos,41664 pesos",25% OFF
Casco Bicicleta Nutcase Vanastic Notion,"287990 pesos,23999 pesos",9% OFF
Billetera De Cuero Contrastes Negro Vélez,"139900 pesos,11658 pesos",No tiene descuento
Sandalias Nautica Para Hombre Alto Jn5141,"75920 pesos,2109 pesos",20% OFF
Mouse de juego Logitech  G Series Lightsync G203 negro,"94900 pesos,2636 pesos",34% OFF
"Radio para carro JDL JDL-5303 con USB, bluetooth y lector de tarjeta SD","86355 pesos,2399 pesos",13% OFF
Bicicicleta Roadmaster Hurricane 29  Shimano Revoshift 21vel,"599900 pesos,16664 pesos",57% OFF
Tenis Vuelos De Cuero Para Hombre Combinación De Texturas Vé,"289900 pesos,24158 pesos",No tiene descuento
Gafas De Sol Hawkers One Hombre Y Mujer Elige Tu Color,"65000 pesos,5417 pesos",55% OFF
"Volante Carreras Logitech G923 Trueforce, Pc / Xbox X|s One","1479900 pesos,41108 pesos",No tiene descuento
Bota Hombre Outdoor Tellenzi 1570 Calzado Nacional Caballero,"107990 pesos,8999 pesos",46% OFF
Sierra Circular 7.1/4 5800rpm Dewalt Dwe560,"509900 pesos,14164 pesos",29% OFF
Kit De Pesas Ejercicio Mancuernas Juego De Pesas Termoforrad,"152300 pesos,4231 pesos",49% OFF
Silla Gamer Deportiva Ergonómica Con Sistema De Inclinación,"869000 pesos,24139 pesos",No tiene descuento
Botas Merrell Hombre Negro Vego Thermo Mid Ltr J589943-n11,"663920 pesos,18442 pesos",20% OFF
"Astro A50, Diadema Gamer Inalámbrica + Estación Base Pc Xbox","1049900 pesos,29164 pesos",8% OFF
"Logitech G305 Hero Edición K/da Lol, Mouse Gamer Inalámbrico","164900 pesos,4581 pesos",No tiene descuento
Banda Caminadora Eléctrica Trotadora Plegable Hp,"1759900 pesos,48886 pesos",37% OFF
Gafas De Sol Hawkers Warwick Hombre Y Mujer Elige Tu Color,"65000 pesos,5417 pesos",55% OFF
Sandalias Nautica Para Hombre Dolan Km1091,"107920 pesos,2998 pesos",20% OFF
Bota Hombre Outdoor 7220 Tellenzi Calzado Nacional,"107990 pesos,8999 pesos",46% OFF
Kit Taladro Percutor 1/2 Vvr + 88 Accesorios Black + Decker,"219900 pesos,6108 pesos",21% OFF
Sierra Caladora Black & Decker Ks501-b3,"189900 pesos,5275 pesos",No tiene descuento
Bicicleta De Ruta Roadmaster Fire Shimano 18 Vel Fren Disco ,"1999900 pesos,55553 pesos",46% OFF
Escritorio Gamer Tipo T Altura Ajustable 63 Pulgadas,"1699990 pesos,47222 pesos",No tiene descuento
"Cafetera Prensa Francesa Acero Inoxidable - 8 Tazas, 1 Litro","189990 pesos,5278 pesos",No tiene descuento
Napoleon Bip500rbnss-3 Asador A Gas Natural Empotrable Acero,"9853900 pesos,273719 pesos",No tiene descuento
 Caminadora Trotadora Plegable Residencial  Banda Electrica ,"997900 pesos,27719 pesos",3% OFF
Cinturón Unifaz Duna De Cuero Para Hombre Liso Vélez,"139900 pesos,11658 pesos",No tiene descuento
product,price,discounts
Gafas De Sol Hawkers Bel Air Hombre Y Mujer Elige Tu Color,,54% OFF
Nintendo Switch OLED 64GB Standard color  blanco y negro,,3% OFF
Taladro + Juego Herramentas Inalámbricas Matrix 20v 6 En 1 M,,41% OFF
Audífonos gamer inalámbricos Logitech G Series G733 kda con luz  rgb LED,,No tiene descuento
Kit Coctelería Bar Profesional 20 Piezas Cocktail Cocteles,,No tiene descuento
Bicicleta Gw Hyena 29 Shimano Revoshift Aluminio Susp 21vel,,50% OFF
Asador Barril Marte Manijas Madera Teca Volcano Acero Inox,,No tiene descuento
Kit Billetera Y Llavero De Cuero Vintage Vélez,,No tiene descuento
Reloj Casio W_218h_2av Azul Hombre 100% Original,,32% OFF
Bicicleta Estatica  Spinning Gimnasio ,,No tiene descuento
Sandalia Playera De Cuero Para Hombre Contraste Color Vélez,,No tiene descuento
Taladro Percuto De 1/2` 650w Dewalt Dwd024-b3 Imp,,No tiene descuento
Juego De Herramienta 73pz Copas Lllaves Carro Moto Pretul,,14% OFF
"Laptop Dell Inspiron 3501 plata 15.55"", Intel Core i3 1115G4  8GB de RAM 256GB SSD, Intel UHD Graphics Xe G4 48EUs 60 Hz 1366x768px Windows 10 Home",,18% OFF
Scooter Patineta Eléctrica E9 Pro 350 Watts / Freno De Disco,,51% OFF
Set Fundas Sparco Asiento Forro Protector Silla 11 Piezas,,21% OFF
Camara Deportiva Gopro Hero 8 Black,,No tiene descuento
Audífonos Sony Bluetooth Noise Cancelling | Wh-1000xm5,,20% OFF
Tapete Para Silla Gamer 90x90 Antideslizante Y Lavable,,No tiene descuento
Yoga Tab 11 Lenovo Yt-j706f 8gb 256gb 11 Gris,,25% OFF
Casco Bicicleta Nutcase Vanastic Notion,,9% OFF
Billetera De Cuero Contrastes Negro Vélez,,No tiene descuento
Sandalias Nautica Para Hombre Alto Jn5141,,20% OFF
Mouse de juego Logitech  G Series Lightsync G203 negro,,34% OFF
"Radio para carro JDL JDL-5303 con USB, bluetooth y lector de tarjeta SD",,13% OFF
Bicicicleta Roadmaster Hurricane 29  Shimano Revoshift 21vel,,57% OFF
Tenis Vuelos De Cuero Para Hombre Combinación De Texturas Vé,,No tiene descuento
Gafas De Sol Hawkers One Hombre Y Mujer Elige Tu Color,,55% OFF
"Volante Carreras Logitech G923 Trueforce, Pc / Xbox X|s One",,No tiene descuento
Bota Hombre Outdoor Tellenzi 1570 Calzado Nacional Caballero,,46% OFF
Sierra Circular 7.1/4 5800rpm Dewalt Dwe560,,29% OFF
Kit De Pesas Ejercicio Mancuernas Juego De Pesas Termoforrad,,49% OFF
Silla Gamer Deportiva Ergonómica Con Sistema De Inclinación,,No tiene descuento
Botas Merrell Hombre Negro Vego Thermo Mid Ltr J589943-n11,,20% OFF
"Astro A50, Diadema Gamer Inalámbrica + Estación Base Pc Xbox",,8% OFF
"Logitech G305 Hero Edición K/da Lol, Mouse Gamer Inalámbrico",,No tiene descuento
Banda Caminadora Eléctrica Trotadora Plegable Hp,,37% OFF
Gafas De Sol Hawkers Warwick Hombre Y Mujer Elige Tu Color,,55% OFF
Sandalias Nautica Para Hombre Dolan Km1091,,20% OFF
Bota Hombre Outdoor 7220 Tellenzi Calzado Nacional,,46% OFF
Kit Taladro Percutor 1/2 Vvr + 88 Accesorios Black + Decker,,21% OFF
Sierra Caladora Black & Decker Ks501-b3,,No tiene descuento
Bicicleta De Ruta Roadmaster Fire Shimano 18 Vel Fren Disco ,,49% OFF
Escritorio Gamer Tipo T Altura Ajustable 63 Pulgadas,,No tiene descuento
"Cafetera Prensa Francesa Acero Inoxidable - 8 Tazas, 1 Litro",,No tiene descuento
Napoleon Bip500rbnss-3 Asador A Gas Natural Empotrable Acero,,No tiene descuento
 Caminadora Trotadora Plegable Residencial  Banda Electrica ,,3% OFF
Cinturón Unifaz Duna De Cuero Para Hombre Liso Vélez,,No tiene descuento
product,price,discounts
Gafas De Sol Hawkers Bel Air Hombre Y Mujer Elige Tu Color,,54% OFF
Nintendo Switch OLED 64GB Standard color  blanco y negro,,3% OFF
Taladro + Juego Herramentas Inalámbricas Matrix 20v 6 En 1 M,,41% OFF
Audífonos gamer inalámbricos Logitech G Series G733 kda con luz  rgb LED,,No tiene descuento
Kit Coctelería Bar Profesional 20 Piezas Cocktail Cocteles,,No tiene descuento
Bicicleta Gw Hyena 29 Shimano Revoshift Aluminio Susp 21vel,,50% OFF
Asador Barril Marte Manijas Madera Teca Volcano Acero Inox,,No tiene descuento
Kit Billetera Y Llavero De Cuero Vintage Vélez,,No tiene descuento
Reloj Casio W_218h_2av Azul Hombre 100% Original,,32% OFF
Bicicleta Estatica  Spinning Gimnasio ,,No tiene descuento
Sandalia Playera De Cuero Para Hombre Contraste Color Vélez,,No tiene descuento
Taladro Percuto De 1/2` 650w Dewalt Dwd024-b3 Imp,,No tiene descuento
Juego De Herramienta 73pz Copas Lllaves Carro Moto Pretul,,14% OFF
"Laptop Dell Inspiron 3501 plata 15.55"", Intel Core i3 1115G4  8GB de RAM 256GB SSD, Intel UHD Graphics Xe G4 48EUs 60 Hz 1366x768px Windows 10 Home",,18% OFF
Scooter Patineta Eléctrica E9 Pro 350 Watts / Freno De Disco,,51% OFF
Set Fundas Sparco Asiento Forro Protector Silla 11 Piezas,,21% OFF
Camara Deportiva Gopro Hero 8 Black,,No tiene descuento
Audífonos Sony Bluetooth Noise Cancelling | Wh-1000xm5,,20% OFF
Tapete Para Silla Gamer 90x90 Antideslizante Y Lavable,,No tiene descuento
Yoga Tab 11 Lenovo Yt-j706f 8gb 256gb 11 Gris,,25% OFF
Casco Bicicleta Nutcase Vanastic Notion,,9% OFF
Billetera De Cuero Contrastes Negro Vélez,,No tiene descuento
Sandalias Nautica Para Hombre Alto Jn5141,,20% OFF
Mouse de juego Logitech  G Series Lightsync G203 negro,,34% OFF
"Radio para carro JDL JDL-5303 con USB, bluetooth y lector de tarjeta SD",,13% OFF
Bicicicleta Roadmaster Hurricane 29  Shimano Revoshift 21vel,,57% OFF
Tenis Vuelos De Cuero Para Hombre Combinación De Texturas Vé,,No tiene descuento
Gafas De Sol Hawkers One Hombre Y Mujer Elige Tu Color,,55% OFF
"Volante Carreras Logitech G923 Trueforce, Pc / Xbox X|s One",,No tiene descuento
Bota Hombre Outdoor Tellenzi 1570 Calzado Nacional Caballero,,46% OFF
Sierra Circular 7.1/4 5800rpm Dewalt Dwe560,,29% OFF
Kit De Pesas Ejercicio Mancuernas Juego De Pesas Termoforrad,,49% OFF
Silla Gamer Deportiva Ergonómica Con Sistema De Inclinación,,No tiene descuento
Botas Merrell Hombre Negro Vego Thermo Mid Ltr J589943-n11,,20% OFF
"Astro A50, Diadema Gamer Inalámbrica + Estación Base Pc Xbox",,8% OFF
"Logitech G305 Hero Edición K/da Lol, Mouse Gamer Inalámbrico",,No tiene descuento
Banda Caminadora Eléctrica Trotadora Plegable Hp,,37% OFF
Gafas De Sol Hawkers Warwick Hombre Y Mujer Elige Tu Color,,55% OFF
Sandalias Nautica Para Hombre Dolan Km1091,,20% OFF
Bota Hombre Outdoor 7220 Tellenzi Calzado Nacional,,46% OFF
Kit Taladro Percutor 1/2 Vvr + 88 Accesorios Black + Decker,,21% OFF
Sierra Caladora Black & Decker Ks501-b3,,No tiene descuento
Bicicleta De Ruta Roadmaster Fire Shimano 18 Vel Fren Disco ,,49% OFF
Escritorio Gamer Tipo T Altura Ajustable 63 Pulgadas,,No tiene descuento
"Cafetera Prensa Francesa Acero Inoxidable - 8 Tazas, 1 Litro",,No tiene descuento
Napoleon Bip500rbnss-3 Asador A Gas Natural Empotrable Acero,,No tiene descuento
 Caminadora Trotadora Plegable Residencial  Banda Electrica ,,3% OFF
Cinturón Unifaz Duna De Cuero Para Hombre Liso Vélez,,No tiene descuento
product,price,discounts
Gafas De Sol Hawkers Bel Air Hombre Y Mujer Elige Tu Color,"71300 pesos,5942 pesos",54% OFF
Nintendo Switch OLED 64GB Standard color  blanco y negro,"1749900 pesos,48608 pesos",3% OFF
Taladro + Juego Herramentas Inalámbricas Matrix 20v 6 En 1 M,"699900 pesos,19442 pesos",41% OFF
Audífonos gamer inalámbricos Logitech G Series G733 kda con luz  rgb LED,"619900 pesos,17219 pesos",No tiene descuento
Kit Coctelería Bar Profesional 20 Piezas Cocktail Cocteles,"149000 pesos,4139 pesos",No tiene descuento
Bicicleta Gw Hyena 29 Shimano Revoshift Aluminio Susp 21vel,"799900 pesos,22219 pesos",50% OFF
Asador Barril Marte Manijas Madera Teca Volcano Acero Inox,"780000 pesos,65000 pesos",No tiene descuento
Kit Billetera Y Llavero De Cuero Vintage Vélez,"169900 pesos,14158 pesos",No tiene descuento
Reloj Casio W_218h_2av Azul Hombre 100% Original,"113900 pesos,3164 pesos",32% OFF
Bicicleta Estatica  Spinning Gimnasio ,"619900 pesos,17219 pesos",No tiene descuento
Sandalia Playera De Cuero Para Hombre Contraste Color Vélez,"109900 pesos,9158 pesos",No tiene descuento
Taladro Percuto De 1/2` 650w Dewalt Dwd024-b3 Imp,"402406 pesos,11178 pesos",No tiene descuento
Juego De Herramienta 73pz Copas Lllaves Carro Moto Pretul,"136990 pesos,3805 pesos",14% OFF
"Laptop Dell Inspiron 3501 plata 15.55"", Intel Core i3 1115G4  8GB de RAM 256GB SSD, Intel UHD Graphics Xe G4 48EUs 60 Hz 1366x768px Windows 10 Home","1539900 pesos,42775 pesos",18% OFF
Scooter Patineta Eléctrica E9 Pro 350 Watts / Freno De Disco,"1449900 pesos,40275 pesos",51% OFF
Set Fundas Sparco Asiento Forro Protector Silla 11 Piezas,"170905 pesos,14242 pesos",21% OFF
Camara Deportiva Gopro Hero 8 Black,"1399000 pesos,38861 pesos",No tiene descuento
Audífonos Sony Bluetooth Noise Cancelling | Wh-1000xm5,"1799900 pesos,149992 pesos",20% OFF
Tapete Para Silla Gamer 90x90 Antideslizante Y Lavable,"149900 pesos,12492 pesos",No tiene descuento
Yoga Tab 11 Lenovo Yt-j706f 8gb 256gb 11 Gris,"1499900 pesos,41664 pesos",25% OFF
Casco Bicicleta Nutcase Vanastic Notion,"287990 pesos,23999 pesos",9% OFF
Billetera De Cuero Contrastes Negro Vélez,"139900 pesos,11658 pesos",No tiene descuento
Sandalias Nautica Para Hombre Alto Jn5141,"75920 pesos,2109 pesos",20% OFF
Mouse de juego Logitech  G Series Lightsync G203 negro,"94900 pesos,2636 pesos",34% OFF
"Radio para carro JDL JDL-5303 con USB, bluetooth y lector de tarjeta SD","86355 pesos,2399 pesos",13% OFF
Bicicicleta Roadmaster Hurricane 29  Shimano Revoshift 21vel,"599900 pesos,16664 pesos",57% OFF
Tenis Vuelos De Cuero Para Hombre Combinación De Texturas Vé,"289900 pesos,24158 pesos",No tiene descuento
Gafas De Sol Hawkers One Hombre Y Mujer Elige Tu Color,"65000 pesos,5417 pesos",55% OFF
"Volante Carreras Logitech G923 Trueforce, Pc / Xbox X|s One","1479900 pesos,41108 pesos",No tiene descuento
Bota Hombre Outdoor Tellenzi 1570 Calzado Nacional Caballero,"107990 pesos,8999 pesos",46% OFF
Sierra Circular 7.1/4 5800rpm Dewalt Dwe560,"509900 pesos,14164 pesos",29% OFF
Kit De Pesas Ejercicio Mancuernas Juego De Pesas Termoforrad,"152300 pesos,4231 pesos",49% OFF
Silla Gamer Deportiva Ergonómica Con Sistema De Inclinación,"869000 pesos,24139 pesos",No tiene descuento
Botas Merrell Hombre Negro Vego Thermo Mid Ltr J589943-n11,"663920 pesos,18442 pesos",20% OFF
"Astro A50, Diadema Gamer Inalámbrica + Estación Base Pc Xbox","1049900 pesos,29164 pesos",8% OFF
"Logitech G305 Hero Edición K/da Lol, Mouse Gamer Inalámbrico","164900 pesos,4581 pesos",No tiene descuento
Banda Caminadora Eléctrica Trotadora Plegable Hp,"1759900 pesos,48886 pesos",37% OFF
Gafas De Sol Hawkers Warwick Hombre Y Mujer Elige Tu Color,"65000 pesos,5417 pesos",55% OFF
Sandalias Nautica Para Hombre Dolan Km1091,"107920 pesos,2998 pesos",20% OFF
Bota Hombre Outdoor 7220 Tellenzi Calzado Nacional,"107990 pesos,8999 pesos",46% OFF
Kit Taladro Percutor 1/2 Vvr + 88 Accesorios Black + Decker,"219900 pesos,6108 pesos",21% OFF
Sierra Caladora Black & Decker Ks501-b3,"189900 pesos,5275 pesos",No tiene descuento
Bicicleta De Ruta Roadmaster Fire Shimano 18 Vel Fren Disco ,"1899900 pesos,52775 pesos",49% OFF
Escritorio Gamer Tipo T Altura Ajustable 63 Pulgadas,"1699990 pesos,47222 pesos",No tiene descuento
"Cafetera Prensa Francesa Acero Inoxidable - 8 Tazas, 1 Litro","189990 pesos,5278 pesos",No tiene descuento
Napoleon Bip500rbnss-3 Asador A Gas Natural Empotrable Acero,"9853900 pesos,273719 pesos",No tiene descuento
 Caminadora Trotadora Plegable Residencial  Banda Electrica ,"997900 pesos,27719 pesos",3% OFF
Cinturón Unifaz Duna De Cuero Para Hombre Liso Vélez,"139900 pesos,11658 pesos",No tiene descuento
product,price,discounts
Gafas De Sol Hawkers Bel Air Hombre Y Mujer Elige Tu Color,71300 pesos,54% OFF
Nintendo Switch OLED 64GB Standard color  blanco y negro,1749900 pesos,3% OFF
Taladro + Juego Herramentas Inalámbricas Matrix 20v 6 En 1 M,699900 pesos,41% OFF
Audífonos gamer inalámbricos Logitech G Series G733 kda con luz  rgb LED,619900 pesos,No tiene descuento
Kit Coctelería Bar Profesional 20 Piezas Cocktail Cocteles,149000 pesos,No tiene descuento
Bicicleta Gw Hyena 29 Shimano Revoshift Aluminio Susp 21vel,799900 pesos,50% OFF
Asador Barril Marte Manijas Madera Teca Volcano Acero Inox,780000 pesos,No tiene descuento
Kit Billetera Y Llavero De Cuero Vintage Vélez,169900 pesos,No tiene descuento
Reloj Casio W_218h_2av Azul Hombre 100% Original,113900 pesos,32% OFF
Bicicleta Estatica  Spinning Gimnasio ,619900 pesos,No tiene descuento
Sandalia Playera De Cuero Para Hombre Contraste Color Vélez,109900 pesos,No tiene descuento
Taladro Percuto De 1/2` 650w Dewalt Dwd024-b3 Imp,402406 pesos,No tiene descuento
Juego De Herramienta 73pz Copas Lllaves Carro Moto Pretul,136990 pesos,14% OFF
"Laptop Dell Inspiron 3501 plata 15.55"", Intel Core i3 1115G4  8GB de RAM 256GB SSD, Intel UHD Graphics Xe G4 48EUs 60 Hz 1366x768px Windows 10 Home",1539900 pesos,18% OFF
Scooter Patineta Eléctrica E9 Pro 350 Watts / Freno De Disco,1449900 pesos,51% OFF
Set Fundas Sparco Asiento Forro Protector Silla 11 Piezas,170905 pesos,21% OFF
Camara Deportiva Gopro Hero 8 Black,1399000 pesos,No tiene descuento
Audífonos Sony Bluetooth Noise Cancelling | Wh-1000xm5,1799900 pesos,20% OFF
Tapete Para Silla Gamer 90x90 Antideslizante Y Lavable,149900 pesos,No tiene descuento
Yoga Tab 11 Lenovo Yt-j706f 8gb 256gb 11 Gris,1499900 pesos,25% OFF
Casco Bicicleta Nutcase Vanastic Notion,287990 pesos,9% OFF
Billetera De Cuero Contrastes Negro Vélez,139900 pesos,No tiene descuento
Sandalias Nautica Para Hombre Alto Jn5141,75920 pesos,20% OFF
Mouse de juego Logitech  G Series Lightsync G203 negro,94900 pesos,34% OFF
"Radio para carro JDL JDL-5303 con USB, bluetooth y lector de tarjeta SD",86355 pesos,13% OFF
Bicicicleta Roadmaster Hurricane 29  Shimano Revoshift 21vel,599900 pesos,57% OFF
Tenis Vuelos De Cuero Para Hombre Combinación De Texturas Vé,289900 pesos,No tiene descuento
Gafas De Sol Hawkers One Hombre Y Mujer Elige Tu Color,65000 pesos,55% OFF
"Volante Carreras Logitech G923 Trueforce, Pc / Xbox X|s One",1479900 pesos,No tiene descuento
Bota Hombre Outdoor Tellenzi 1570 Calzado Nacional Caballero,107990 pesos,46% OFF
Sierra Circular 7.1/4 5800rpm Dewalt Dwe560,509900 pesos,29% OFF
Kit De Pesas Ejercicio Mancuernas Juego De Pesas Termoforrad,152300 pesos,49% OFF
Silla Gamer Deportiva Ergonómica Con Sistema De Inclinación,869000 pesos,No tiene descuento
Botas Merrell Hombre Negro Vego Thermo Mid Ltr J589943-n11,663920 pesos,20% OFF
"Astro A50, Diadema Gamer Inalámbrica + Estación Base Pc Xbox",1049900 pesos,8% OFF
"Logitech G305 Hero Edición K/da Lol, Mouse Gamer Inalámbrico",164900 pesos,No tiene descuento
Banda Caminadora Eléctrica Trotadora Plegable Hp,1759900 pesos,37% OFF
Gafas De Sol Hawkers Warwick Hombre Y Mujer Elige Tu Color,65000 pesos,55% OFF
Sandalias Nautica Para Hombre Dolan Km1091,107920 pesos,20% OFF
Bota Hombre Outdoor 7220 Tellenzi Calzado Nacional,107990 pesos,46% OFF
Kit Taladro Percutor 1/2 Vvr + 88 Accesorios Black + Decker,219900 pesos,21% OFF
Sierra Caladora Black & Decker Ks501-b3,189900 pesos,No tiene descuento
Bicicleta De Ruta Roadmaster Fire Shimano 18 Vel Fren Disco ,1899900 pesos,49% OFF
Escritorio Gamer Tipo T Altura Ajustable 63 Pulgadas,1699990 pesos,No tiene descuento
"Cafetera Prensa Francesa Acero Inoxidable - 8 Tazas, 1 Litro",189990 pesos,No tiene descuento
Napoleon Bip500rbnss-3 Asador A Gas Natural Empotrable Acero,9853900 pesos,No tiene descuento
 Caminadora Trotadora Plegable Residencial  Banda Electrica ,997900 pesos,3% OFF
Cinturón Unifaz Duna De Cuero Para Hombre Liso Vélez,139900 pesos,No tiene descuento
product,price,discounts
Gafas De Sol Hawkers Bel Air Hombre Y Mujer Elige Tu Color,"Antes: 155000 pesos,71300 pesos",54% OFF
Nintendo Switch OLED 64GB Standard color  blanco y negro,"Antes: 1839900 pesos,1749900 pesos",4% OFF
Taladro + Juego Herramentas Inalámbricas Matrix 20v 6 En 1 M,"Antes: 1199900 pesos,699900 pesos",41% OFF
Audífonos gamer inalámbricos Logitech G Series G733 kda con luz  rgb LED,619900 pesos,No tiene descuento
Kit Coctelería Bar Profesional 20 Piezas Cocktail Cocteles,149000 pesos,No tiene descuento
Bicicleta Gw Hyena 29 Shimano Revoshift Aluminio Susp 21vel,"Antes: 1599900 pesos,799900 pesos",50% OFF
Asador Barril Marte Manijas Madera Teca Volcano Acero Inox,780000 pesos,No tiene descuento
Kit Billetera Y Llavero De Cuero Vintage Vélez,169900 pesos,No tiene descuento
Reloj Casio W_218h_2av Azul Hombre 100% Original,"Antes: 169900 pesos,113900 pesos",32% OFF
Bicicleta Estatica  Spinning Gimnasio ,619900 pesos,No tiene descuento
Sandalia Playera De Cuero Para Hombre Contraste Color Vélez,109900 pesos,No tiene descuento
Taladro Percuto De 1/2` 650w Dewalt Dwd024-b3 Imp,402406 pesos,No tiene descuento
Juego De Herramienta 73pz Copas Lllaves Carro Moto Pretul,"Antes: 159990 pesos,136990 pesos",14% OFF
"Laptop Dell Inspiron 3501 plata 15.55"", Intel Core i3 1115G4  8GB de RAM 256GB SSD, Intel UHD Graphics Xe G4 48EUs 60 Hz 1366x768px Windows 10 Home","Antes: 1899900 pesos,1539900 pesos",18% OFF
Scooter Patineta Eléctrica E9 Pro 350 Watts / Freno De Disco,"Antes: 2999900 pesos,1449900 pesos",51% OFF
Set Fundas Sparco Asiento Forro Protector Silla 11 Piezas,"Antes: 219000 pesos,170905 pesos",21% OFF
Camara Deportiva Gopro Hero 8 Black,1399000 pesos,No tiene descuento
Audífonos Sony Bluetooth Noise Cancelling | Wh-1000xm5,"Antes: 2249900 pesos,1799900 pesos",20% OFF
Tapete Para Silla Gamer 90x90 Antideslizante Y Lavable,149900 pesos,No tiene descuento
Yoga Tab 11 Lenovo Yt-j706f 8gb 256gb 11 Gris,"Antes: 1999900 pesos,1499900 pesos",25% OFF
Casco Bicicleta Nutcase Vanastic Notion,"Antes: 319900 pesos,287990 pesos",9% OFF
Billetera De Cuero Contrastes Negro Vélez,139900 pesos,No tiene descuento
Sandalias Nautica Para Hombre Alto Jn5141,"Antes: 94900 pesos,75920 pesos",20% OFF
Mouse de juego Logitech  G Series Lightsync G203 negro,"Antes: 144900 pesos,94900 pesos",34% OFF
"Radio para carro JDL JDL-5303 con USB, bluetooth y lector de tarjeta SD","Antes: 99900 pesos,86355 pesos",13% OFF
Bicicicleta Roadmaster Hurricane 29  Shimano Revoshift 21vel,"Antes: 1399900 pesos,599900 pesos",57% OFF
Tenis Vuelos De Cuero Para Hombre Combinación De Texturas Vé,289900 pesos,No tiene descuento
Gafas De Sol Hawkers One Hombre Y Mujer Elige Tu Color,"Antes: 145000 pesos,65000 pesos",55% OFF
"Volante Carreras Logitech G923 Trueforce, Pc / Xbox X|s One",1479900 pesos,No tiene descuento
Bota Hombre Outdoor Tellenzi 1570 Calzado Nacional Caballero,"Antes: 199990 pesos,107990 pesos",46% OFF
Sierra Circular 7.1/4 5800rpm Dewalt Dwe560,"Antes: 719900 pesos,509900 pesos",29% OFF
Kit De Pesas Ejercicio Mancuernas Juego De Pesas Termoforrad,"Antes: 299900 pesos,152300 pesos",49% OFF
Silla Gamer Deportiva Ergonómica Con Sistema De Inclinación,869000 pesos,No tiene descuento
Botas Merrell Hombre Negro Vego Thermo Mid Ltr J589943-n11,"Antes: 829900 pesos,663920 pesos",20% OFF
"Astro A50, Diadema Gamer Inalámbrica + Estación Base Pc Xbox","Antes: 1149900 pesos,1049900 pesos",8% OFF
"Logitech G305 Hero Edición K/da Lol, Mouse Gamer Inalámbrico",164900 pesos,No tiene descuento
Banda Caminadora Eléctrica Trotadora Plegable Hp,"Antes: 2799900 pesos,1759900 pesos",37% OFF
Gafas De Sol Hawkers Warwick Hombre Y Mujer Elige Tu Color,"Antes: 145000 pesos,65000 pesos",55% OFF
Sandalias Nautica Para Hombre Dolan Km1091,"Antes: 134900 pesos,107920 pesos",20% OFF
Bota Hombre Outdoor 7220 Tellenzi Calzado Nacional,"Antes: 199990 pesos,107990 pesos",46% OFF
Kit Taladro Percutor 1/2 Vvr + 88 Accesorios Black + Decker,"Antes: 279900 pesos,219900 pesos",21% OFF
Sierra Caladora Black & Decker Ks501-b3,189900 pesos,No tiene descuento
Bicicleta De Ruta Roadmaster Fire Shimano 18 Vel Fren Disco ,"Antes: 3749900 pesos,1899900 pesos",49% OFF
Escritorio Gamer Tipo T Altura Ajustable 63 Pulgadas,1699990 pesos,No tiene descuento
"Cafetera Prensa Francesa Acero Inoxidable - 8 Tazas, 1 Litro",189990 pesos,No tiene descuento
Napoleon Bip500rbnss-3 Asador A Gas Natural Empotrable Acero,9853900 pesos,No tiene descuento
 Caminadora Trotadora Plegable Residencial  Banda Electrica ,"Antes: 1029900 pesos,997900 pesos",3% OFF
Cinturón Unifaz Duna De Cuero Para Hombre Liso Vélez,139900 pesos,No tiene descuento
product,price,discounts
Gafas De Sol Hawkers Bel Air Hombre Y Mujer Elige Tu Color,71300 pesos,54% OFF
Nintendo Switch OLED 64GB Standard color  blanco y negro,1749900 pesos,4% OFF
Taladro + Juego Herramentas Inalámbricas Matrix 20v 6 En 1 M,699900 pesos,41% OFF
Audífonos gamer inalámbricos Logitech G Series G733 kda con luz  rgb LED,619900 pesos,No tiene descuento
Kit Coctelería Bar Profesional 20 Piezas Cocktail Cocteles,149000 pesos,No tiene descuento
Bicicleta Gw Hyena 29 Shimano Revoshift Aluminio Susp 21vel,799900 pesos,50% OFF
Asador Barril Marte Manijas Madera Teca Volcano Acero Inox,780000 pesos,No tiene descuento
Kit Billetera Y Llavero De Cuero Vintage Vélez,169900 pesos,No tiene descuento
Reloj Casio W_218h_2av Azul Hombre 100% Original,113900 pesos,32% OFF
Bicicleta Estatica  Spinning Gimnasio ,619900 pesos,No tiene descuento
Sandalia Playera De Cuero Para Hombre Contraste Color Vélez,109900 pesos,No tiene descuento
Taladro Percuto De 1/2` 650w Dewalt Dwd024-b3 Imp,402406 pesos,No tiene descuento
Juego De Herramienta 73pz Copas Lllaves Carro Moto Pretul,136990 pesos,14% OFF
"Laptop Dell Inspiron 3501 plata 15.55"", Intel Core i3 1115G4  8GB de RAM 256GB SSD, Intel UHD Graphics Xe G4 48EUs 60 Hz 1366x768px Windows 10 Home",1539900 pesos,18% OFF
Scooter Patineta Eléctrica E9 Pro 350 Watts / Freno De Disco,1449900 pesos,51% OFF
Set Fundas Sparco Asiento Forro Protector Silla 11 Piezas,170905 pesos,21% OFF
Camara Deportiva Gopro Hero 8 Black,1399000 pesos,No tiene descuento
Audífonos Sony Bluetooth Noise Cancelling | Wh-1000xm5,1799900 pesos,20% OFF
Tapete Para Silla Gamer 90x90 Antideslizante Y Lavable,149900 pesos,No tiene descuento
Yoga Tab 11 Lenovo Yt-j706f 8gb 256gb 11 Gris,1499900 pesos,25% OFF
Casco Bicicleta Nutcase Vanastic Notion,287990 pesos,9% OFF
Billetera De Cuero Contrastes Negro Vélez,139900 pesos,No tiene descuento
Sandalias Nautica Para Hombre Alto Jn5141,75920 pesos,20% OFF
Mouse de juego Logitech  G Series Lightsync G203 negro,94900 pesos,34% OFF
"Radio para carro JDL JDL-5303 con USB, bluetooth y lector de tarjeta SD",86355 pesos,13% OFF
Bicicicleta Roadmaster Hurricane 29  Shimano Revoshift 21vel,599900 pesos,57% OFF
Tenis Vuelos De Cuero Para Hombre Combinación De Texturas Vé,289900 pesos,No tiene descuento
Gafas De Sol Hawkers One Hombre Y Mujer Elige Tu Color,65000 pesos,55% OFF
"Volante Carreras Logitech G923 Trueforce, Pc / Xbox X|s One",1479900 pesos,No tiene descuento
Bota Hombre Outdoor Tellenzi 1570 Calzado Nacional Caballero,107990 pesos,46% OFF
Sierra Circular 7.1/4 5800rpm Dewalt Dwe560,509900 pesos,29% OFF
Kit De Pesas Ejercicio Mancuernas Juego De Pesas Termoforrad,152300 pesos,49% OFF
Silla Gamer Deportiva Ergonómica Con Sistema De Inclinación,869000 pesos,No tiene descuento
Botas Merrell Hombre Negro Vego Thermo Mid Ltr J589943-n11,663920 pesos,20% OFF
"Astro A50, Diadema Gamer Inalámbrica + Estación Base Pc Xbox",1049900 pesos,8% OFF
"Logitech G305 Hero Edición K/da Lol, Mouse Gamer Inalámbrico",164900 pesos,No tiene descuento
Banda Caminadora Eléctrica Trotadora Plegable Hp,1759900 pesos,37% OFF
Gafas De Sol Hawkers Warwick Hombre Y Mujer Elige Tu Color,65000 pesos,55% OFF
Sandalias Nautica Para Hombre Dolan Km1091,107920 pesos,20% OFF
Bota Hombre Outdoor 7220 Tellenzi Calzado Nacional,107990 pesos,46% OFF
Kit Taladro Percutor 1/2 Vvr + 88 Accesorios Black + Decker,219900 pesos,21% OFF
Sierra Caladora Black & Decker Ks501-b3,189900 pesos,No tiene descuento
Bicicleta De Ruta Roadmaster Fire Shimano 18 Vel Fren Disco ,1899900 pesos,49% OFF
Escritorio Gamer Tipo T Altura Ajustable 63 Pulgadas,1699990 pesos,No tiene descuento
"Cafetera Prensa Francesa Acero Inoxidable - 8 Tazas, 1 Litro",189990 pesos,No tiene descuento
Napoleon Bip500rbnss-3 Asador A Gas Natural Empotrable Acero,9853900 pesos,No tiene descuento
 Caminadora Trotadora Plegable Residencial  Banda Electrica ,997900 pesos,3% OFF
Cinturón Unifaz Duna De Cuero Para Hombre Liso Vélez,139900 pesos,No tiene descuento
